item,header
Escape Of Oil,"Mariam has insurance that covers ""Escape of Oil."" In an ""Escape of Oil"" event,"
Vehicle Glass,"Aneesh has insurance that covers ""Vehicle Glass Damage."" In a ""Vehicle Glass Damage"" event,"
Emergency Damages,"Joanne has insurance that covers ""Emergency Damages."" In an ""Emergency Damages"" event,"
Malicious Acts Or Vandalism,"Beth has insurance that covers ""Malicious Acts or Vandalism."" In a ""Malicious Acts or Vandalism"" event,"
Ground Heave,"Blake has home insurance that covers ""Ground Heave."" In a ""Ground Heave"" event,"
Storm Damage,"Cam has insurance that covers ""Storm Damage."" In a ""Storm Damage"" event,"
Vehicle Fire,"Ken has insurance that covers ""Vehicle Fire."" In a ""Vehicle Fire"" event,"
Personal Accident,"Gwen has insurance that covers a ""Personal Accident."" In a ""Personal Accident"" event,"
House Removal,"Denise has insurance that covers ""House Removal."" In a ""House Removal"" event,"
General Damages,"Gavin has insurance that covers ""General Damages."" In a ""General Damages'' event,"
Escape Of Water,"Carol has insurance that covers ""Escape of Water."" In an ""Escape of Water'' event,"
Trace And Access,"Justin has insurance that covers ""Trace and Access."" In a ""Trace and Access"" event,"
Hail Damage,"Mia has insurance that covers ""Hail Damage."" In a ""Hail Damage"" event, "
Vehicle Theft,"Lucas has insurance that covers ""Vehicle Theft."" In a ""Vehicle Theft"" event,"